{
  "assetsByChunkName": {
    "vendors~app-account~app-confirmation~app-order": "chunk.421580c1502b7e826ace.js",
    "vendors~app-account~app-checkout": "chunk.3c0424dc50d93fd53dd2.js",
    "vendors~app-cart~app-checkout": "chunk.3443e930a75213bcc923.js",
    "admin": [
      "admin.1e61e07da04d5471e52f.js",
      "admin.1e61e07da04d5471e52f.js.map"
    ],
    "app-account": "chunk.b69c18cb68105d27f0ab.js",
    "app-checkout": "chunk.a0259f742bfbcc1c3866.js",
    "app-confirmation": "chunk.ea0da435a43260fa5cbe.js",
    "checkout": [
      "checkout.29adbc6706be3300108e.js",
      "checkout.29adbc6706be3300108e.js.map"
    ],
    "storefront": [
      "storefront.f34f3669c825c733ec49.css",
      "storefront.c06eec36b86128d700b4.js",
      "storefront.f34f3669c825c733ec49.css.map",
      "storefront.c06eec36b86128d700b4.js.map"
    ],
    "vendors~app-cart": "chunk.a9b008592ce06c2b843b.js",
    "vendors~app-order": "chunk.6d635d82d44cfc076724.js"
  }
}