{
  "title": "Contato",
  "meta_title": "Contato",
  "meta_description": "Contato",
  "body": "Fone / Whatsapp: (21) 9 7453-0177\n\nInstagram: @ccr.adv\n\nAtendimento: Segunda a Sexta das 8h30 às 18h\n\n",
  "sections": [
    {
      "type": "page-title"
    },
    {
      "type": "extra-page",
      "enabled": true
    },
    {
      "type": "custom-html",
      "html": "<form class=\"apx_form\">\n  <input type=\"hidden\" name=\"subject\" value=\"Formulário de Contato\" /> <div class=\"row\">\n    <div class=\"col-12\">\n      <label for=\"\">Nome</label>\n      <input type=\"text\" name=\"nome\" required/>\n    </div>\n  </div>\n  <div class=\"row\">\n    <div class=\"col-12 col-md-6\">\n      <label for=\"\">E-mail</label>\n      <input type=\"email\" name=\"email\" required/>\n    </div>\n    <div class=\"col-12 col-md-6\">\n      <label for=\"\">Telefone</label>\n      <input type=\"tel\" name=\"telefone\" required/>\n    </div>\n   \n  </div>\n  <div class=\"row\">\n    <div class=\"col-12\">\n      <label for=\"\">Mensagem</label>\n      <textarea name=\"nome\" required rows=\"4\"></textarea>\n    </div>\n  </div>\n  <div class=\"row\">\n    <div class=\"col-12\">\n      <button type=\"submit\">Enviar</button>\n    </div>\n  </div>\n</form>"
    }
  ]
}
