{
  "meta_title": "",
  "meta_description": "",
  "sections": [
    {
      "type": "responsive-banner",
      "img": "/img/uploads/bg.png",
      "alt": "<b>Soluções Jurídicas</b> Inteligentes para sua empresa<small>Atendimento moderno, na <b>Forma física</b> ou <b>100% digital</b>.</small>"
    },
    {
      "type": "apx_textSection",
      "title": "<div id='sobre-nos'></div><small>Sobre nós</small>Advocacia com<br><b>Atendimento<br>especializado</b>",
      "description": "Somos o verdadeiro parceiro do empresário. Atuamos de forma ativa, levando soluções personalizadas ao negócio, da pequena à grande empresa. O nosso lema é crescer junto! Para tanto, agimos com foco na prevenção, evitando despesas desnecessárias, tornando a sua empresa competitiva e aumentando o seu fluxo de caixa.<br><br>Deixamos o empresário à frente do que realmente interessa ao seu negócio: o crescimento coordenado e a diferença do seu produto no mercado, impactando positivamente seus clientes. Desse modo, as preocupações com o cumprimento das leis e análises e adequações contratuais passa a ser do nosso time de advogados, engajado e de espírito empreendedor e inovador. ",
      "titleColor": "#000000",
      "backgroundColor": "#ffffff",
      "textColor": "#000000"
    },
    {
      "type": "banners-grid",
      "banners": [
        {
          "img": "/img/uploads/mb1.png",
          "alt": "<h2>Direito Tributário e empresarial</h2><p>Atendimento especializado no direito tributário e empresarial, com ênfase no planejamento e redução fiscal.</p>"
        },
        {
          "img": "/img/uploads/mb2.png",
          "alt": "<h2>Atendimento Especializado</h2><p>Atendimento especializado para médicos, clínicas, consultórios e hospitais.</p>"
        },
        {
          "img": "/img/uploads/mb3.png",
          "alt": "<h2>Serviços digitais</h2><p>Inscreva-se no nosso portal e conheça nossos serviços digitais</p>"
        }
      ]
    },
    {
      "type": "apx_iconGrid",
      "title": "<div id='areas-de-atuacao'></div>Áreas de Atuação",
      "image": "/img/uploads/ico.png",
      "backgroundImage": "/img/uploads/globebg.png",
      "titleColor": "#424041",
      "textColor": "#424041",
      "backgroundColor": "#ffffff",
      "options": [
        {
          "option": {
            "image": "/img/uploads/documento.png",
            "name": "Elaboração e Análise<br>Contratual",
            "link": "/"
          }
        },
        {
          "option": {
            "name": "Holding<br>Patrimonial",
            "image": "/img/uploads/empreendimento.png",
            "link": "/"
          }
        },
        {
          "option": {
            "name": "Gestão de<br>Passivo",
            "image": "/img/uploads/company.png",
            "link": "/"
          }
        },
        {
          "option": {
            "name": "Benefícios Fiscais<br>para Clínicas",
            "image": "/img/uploads/health-insurance.png",
            "link": "/"
          }
        },
        {
          "option": {
            "name": "Planejamento<br>Fiscal",
            "image": "/img/uploads/analytics.png",
            "link": "/"
          }
        },
        {
          "option": {
            "name": "Assessoria<br>Fixa Empresarial",
            "image": "/img/uploads/analytic.png",
            "link": "/"
          }
        },
        {
          "option": {
            "name": "Revisão contratual<br>em Saúde Suplementar ",
            "image": "/img/uploads/healthcare.png",
            "link": "/"
          }
        },
        {
          "option": {
            "name": "Defesas Consumeristas<br>para Empresas",
            "image": "/img/uploads/consumer.png",
            "link": "/"
          }
        },
        {
          "option": {
            "name": "Assessoria<br>Criminal",
            "image": "/img/uploads/justice.png",
            "link": "/"
          }
        },
        {
          "option": {
            "name": "Registros de Marcas<br>e Patentes",
            "image": "/img/uploads/globe.png",
            "link": "/"
          }
        },
        {
          "option": {
            "name": "Adequação<br>à LGPD",
            "image": "/img/uploads/seguranca-de-dados.png",
            "link": "/"
          }
        },
        {
          "option": {
            "name": "Recuperação de<br>Crédito Tributário",
            "image": "/img/uploads/taxa-de-juros-fixa.png",
            "link": "/"
          }
        },
        {
          "option": {
            "name": "Defesas Fiscais<br>Administrativas / Judiciais",
            "image": "/img/uploads/pasta.png",
            "link": "/"
          }
        },
        {
          "option": {
            "name": "Defesas<br>Trabalhistas",
            "image": "/img/uploads/trabalhador.png",
            "link": "/"
          }
        }
        
      ]
    },
    {
      "type": "apx_sliderItems",
      "title": "<div id='equipe'></div>Nossa Equipe",
      "backgroundImage": "/img/uploads/shutterstock_1060957841.png",
      "description": "Nossos profissionais estão sempre atualizados com as mais recentes legislações, tendo assim a certeza de que suas demandas serão resolvidas com o máximo de agilidade e qualidade",
      "titleColor": "#ffffff",
      "textColor": "#ffffff",
      "backgroundColor": "#000000",
      "options": [
        {
          "option": {
            "image": "/img/uploads/20220824_122941_0000.png",
            "description": "<span ><b class='socio-ccr'>Sócio CCRADV</b><b>Criminal</b></span> Especialista na área do Direito Criminal e Processo Penal, responsável pela análise do risco na responsabilização penal do empresário, com foco nos crimes empresariais, Lei de Sonegação Fiscal e Lei de Crimes Ambientais. Atuação em caráter consultivo e contencioso.",
            "link": "/",
            "name": "Anderson Ramos"
          }
        },
        {
          "option": {
            "image": "/img/uploads/20220824_123210_0000.png",
            "description": "<span><b class='socio-ccr'>Sócio CCRADV</b><b>Direito Médico</b></span> Especialista na área do Direito Médico e da Saúde, pós-graduado em Direito Tributário, responsável pelo planejamento jurídico/fiscal de Clínicas, Consultórios, Hospitais e outras empresas e sociedades na área da saúde. Atuação em caráter consultivo e contencioso.",
            "link": "/",
            "name": "Jaime Cunha"
          }
        },
        {
          "option": {
            "image": "/img/uploads/20220824_122842_0000.png",
            "description": "<span><b class='socio-ccr'>Sócio CCRADV</b><b>Tributarista</b></span> Especialista na área tributária, responsável pelas medidas de recuperação de tributos, planejamento tributário, defesas das empresas e empresários. Atuação em caráter consultivo e contencioso. Coautor da Obra Coletiva Temas de Direito Fiscal publicada pela editora PUC-RIO.",
            "link": "/",
            "name": "EDINO CHAIBEN"
          }
        },
        {
          "option": {
            "image": "/img/uploads/20220824_123115_0000.png",
            "description": "<span><b>Assoc. CCRADV</b><b>Cívil, Família e Sucessões</b></span>Advogado na área Cível, Família e Sucessões com foco no planejamento sucessório de sócios, holding familiar, reparação e defesa cível de empresas. Atuação em caráter consultivo e contencioso.",
            "link": "/",
            "name": "Pedro Augusto"
          }
        },
        {
          "option": {
            "image": "/img/uploads/20220824_123026_0000.png",
            "description": "<span><b>Assoc. CCRADV</b><b>Empresarial e Trabalhista</b></span>Advogada na área Empresarial e Trabalhista, responsável principal pelo planejamento societário e sucessório, constituição de Holdings, Compliance empresarial, marcas e patentes. Atuação em caráter consultivo, judicial, extrajudicial e contencioso.",
            "link": "/",
            "name": "Isabelle Paim"
          }
        }
        
      ]
    },
    {
      "type": "apx_bannerRow",
      "options": [
        {
          "option": {
            "title": "DIREITO TRIBUTÁRIO E EMPRESARIAL",
            "description": "Atuação especializada na redução e recuperação fiscal, Planejamento Tributário e Reestruturação Empresarial.",
            "buttonTitle": "Saiba mais",
            "link": "/pages/contato",
            "backgroundColor": "#b09f32",
            "textColor": "#ffffff",
            "titleColor": "#ffffff"
          }
        },
        {
          "option": {
            "title": "DIREITO MÉDICO E DA SAÚDE",
            "description": "Prevenção jurídica e redução de riscos com foco para Clínicas, Hospitais, Consultórios e Laboratórios.",
            "buttonTitle": "Saiba Mais",
            "link": "/pages/contato",
            "backgroundColor": "#C8A641",
            "textColor": "#ffffff",
            "titleColor": "#ffffff"
          }
        },
        {
          "option": {
            "title": "DIREITO CRIMINAL E PENAL EMPRESARIAL",
            "description": " Garantia na defesa de direitos com foco em acusações para crimes ambientais e sonegação fiscal.",
            "buttonTitle": "Saiba Mais",
            "link": "/pages/contato",
            "backgroundColor": "#b09f32",
            "textColor": "#ffffff",
            "titleColor": "#ffffff"
          }
        }
      ]
    },
    {
      "type": "blog",
      "enabled": true
    }
  ]
}